Timestamp,AvailableSpaces
2024-11-21 15:15:32,12
2024-11-21 15:15:36,10
2024-11-21 15:15:39,8
2024-11-21 15:15:41,7
2024-11-21 15:15:45,6
2024-11-21 15:15:57,7
2024-11-21 15:16:01,8
2024-11-21 15:16:07,12
2024-11-21 15:16:09,11
2024-11-21 15:16:12,9
2024-11-21 15:16:16,8
2024-11-21 15:16:19,7
2024-11-21 15:16:22,10
2024-11-21 15:16:24,9
2024-11-21 15:16:25,11
2024-11-21 15:43:11,12
2024-11-21 15:43:16,10
2024-11-21 15:43:19,8
2024-11-21 15:43:21,7
2024-11-21 15:43:25,6
2024-11-21 15:43:37,7
2024-11-21 15:43:41,8
2024-11-21 15:43:47,12
2024-11-21 15:43:50,11
2024-11-21 15:43:52,9
2024-11-21 15:43:56,8
2024-11-21 15:44:31,12
2024-11-21 15:44:35,10
2024-11-21 15:44:38,8
2024-11-21 15:44:41,7
2024-11-21 15:44:44,6
2024-11-21 15:44:56,7
2024-11-21 15:45:00,8
